<?xml version="1.0" encoding="UTF-8"?>
<GenRun Id="synth_1" LaunchPart="xc7a100tcsg324-1" LaunchTime="1715014826" LaunchIncrCheckpoint="$PSRCDIR/utils_1/imports/synth_1/pong.dcp">
  <File Type="PA-TCL" Name="pong.tcl"/>
  <File Type="RDS-PROPCONSTRS" Name="pong_drc_synth.rpt"/>
  <File Type="REPORTS-TCL" Name="pong_reports.tcl"/>
  <File Type="RDS-RDS" Name="pong.vds"/>
  <File Type="RDS-UTIL" Name="pong_utilization_synth.rpt"/>
  <File Type="RDS-UTIL-PB" Name="pong_utilization_synth.pb"/>
  <File Type="RDS-DCP" Name="pong.dcp"/>
  <File Type="VDS-TIMINGSUMMARY" Name="pong_timing_summary_synth.rpt"/>
  <File Type="VDS-TIMING-PB" Name="pong_timing_summary_synth.pb"/>
  <FileSet Name="sources" Type="DesignSrcs" RelSrcDir="$PSRCDIR/sources_1" RelGenDir="$PGENDIR/sources_1">
    <Filter Type="Srcs"/>
    <File Path="$PSRCDIR/sources_1/new/bat_n_ball.vhd">
      <FileInfo>
        <Attr Name="ImportPath" Val="$PPRDIR/../pong2/pong2.srcs/sources_1/new/bat_n_ball.vhd"/>
        <Attr Name="ImportTime" Val="1713897700"/>
        <Attr Name="UsedIn" Val="synthesis"/>
        <Attr Name="UsedIn" Val="simulation"/>
      </FileInfo>
    </File>
    <File Path="$PSRCDIR/sources_1/new/clk_wiz_0.vhd">
      <FileInfo>
        <Attr Name="ImportPath" Val="$PPRDIR/../pong2/pong2.srcs/sources_1/new/clk_wiz_0.vhd"/>
        <Attr Name="ImportTime" Val="1713893451"/>
        <Attr Name="UsedIn" Val="synthesis"/>
        <Attr Name="UsedIn" Val="simulation"/>
      </FileInfo>
    </File>
    <File Path="$PSRCDIR/sources_1/new/clk_wiz_0_clk_wiz.vhd">
      <FileInfo>
        <Attr Name="ImportPath" Val="$PPRDIR/../pong2/pong2.srcs/sources_1/new/clk_wiz_0_clk_wiz.vhd"/>
        <Attr Name="ImportTime" Val="1713893483"/>
        <Attr Name="UsedIn" Val="synthesis"/>
        <Attr Name="UsedIn" Val="simulation"/>
      </FileInfo>
    </File>
    <File Path="$PSRCDIR/sources_1/new/leddec16.vhd">
      <FileInfo>
        <Attr Name="ImportPath" Val="$PPRDIR/../pong2/pong2.srcs/sources_1/new/leddec16.vhd"/>
        <Attr Name="ImportTime" Val="1713893528"/>
        <Attr Name="UsedIn" Val="synthesis"/>
        <Attr Name="UsedIn" Val="simulation"/>
      </FileInfo>
    </File>
    <File Path="$PSRCDIR/sources_1/new/vga_sync.vhd">
      <FileInfo>
        <Attr Name="ImportPath" Val="$PPRDIR/../pong2/pong2.srcs/sources_1/new/vga_sync.vhd"/>
        <Attr Name="ImportTime" Val="1713893425"/>
        <Attr Name="UsedIn" Val="synthesis"/>
        <Attr Name="UsedIn" Val="simulation"/>
      </FileInfo>
    </File>
    <File Path="$PSRCDIR/sources_1/new/pong.vhd">
      <FileInfo>
        <Attr Name="ImportPath" Val="$PPRDIR/../pong2/pong2.srcs/sources_1/new/pong.vhd"/>
        <Attr Name="ImportTime" Val="1713896377"/>
        <Attr Name="UsedIn" Val="synthesis"/>
        <Attr Name="UsedIn" Val="simulation"/>
      </FileInfo>
    </File>
    <File Path="$PSRCDIR/sources_1/new/adc_if.vhd">
      <FileInfo>
        <Attr Name="AutoDisabled" Val="1"/>
        <Attr Name="ImportPath" Val="$PPRDIR/../pong2/pong2.srcs/sources_1/new/adc_if.vhd"/>
        <Attr Name="ImportTime" Val="1713464268"/>
        <Attr Name="UsedIn" Val="synthesis"/>
        <Attr Name="UsedIn" Val="simulation"/>
      </FileInfo>
    </File>
    <Config>
      <Option Name="DesignMode" Val="RTL"/>
      <Option Name="TopModule" Val="pong"/>
      <Option Name="TopAutoSet" Val="TRUE"/>
    </Config>
  </FileSet>
  <FileSet Name="constrs_in" Type="Constrs" RelSrcDir="$PSRCDIR/constrs_1" RelGenDir="$PGENDIR/constrs_1">
    <Filter Type="Constrs"/>
    <File Path="$PSRCDIR/constrs_1/new/pong.xdc">
      <FileInfo>
        <Attr Name="ImportPath" Val="$PPRDIR/../pong2/pong2.srcs/constrs_1/new/pong.xdc"/>
        <Attr Name="ImportTime" Val="1714003563"/>
        <Attr Name="UsedIn" Val="synthesis"/>
        <Attr Name="UsedIn" Val="implementation"/>
      </FileInfo>
    </File>
    <Config>
      <Option Name="ConstrsType" Val="XDC"/>
    </Config>
  </FileSet>
  <FileSet Name="utils" Type="Utils" RelSrcDir="$PSRCDIR/utils_1" RelGenDir="$PGENDIR/utils_1">
    <Filter Type="Utils"/>
    <File Path="$PSRCDIR/utils_1/imports/synth_1/pong.dcp">
      <FileInfo>
        <Attr Name="ImportPath" Val="$PPRDIR/../pong2/pong2.srcs/utils_1/imports/synth_1/pong.dcp"/>
        <Attr Name="ImportTime" Val="1713897706"/>
        <Attr Name="UsedIn" Val="synthesis"/>
        <Attr Name="UsedIn" Val="implementation"/>
        <Attr Name="UsedInSteps" Val="synth_1"/>
        <Attr Name="AutoDcp" Val="1"/>
      </FileInfo>
    </File>
    <Config>
      <Option Name="TopAutoSet" Val="TRUE"/>
    </Config>
  </FileSet>
  <Strategy Version="1" Minor="2">
    <StratHandle Name="Vivado Synthesis Defaults" Flow="Vivado Synthesis 2023"/>
    <Step Id="synth_design"/>
  </Strategy>
</GenRun>
